{"stats":{"minecraft:broken":{"minecraft:stone_pickaxe":1},"minecraft:used":{"minecraft:stone_sword":33,"minecraft:stone_pickaxe":182,"minecraft:chest":1,"minecraft:cooked_chicken":1,"minecraft:torch":5,"minecraft:stone_axe":51,"minecraft:dirt":5,"minecraft:cooked_beef":2},"minecraft:picked_up":{"minecraft:birch_log":5,"minecraft:stick":3,"minecraft:chicken":1,"minecraft:leather":5,"minecraft:porkchop":10,"minecraft:oak_log":43,"gravestone:obituary":1,"minecraft:spruce_log":6,"minecraft:dirt":22,"minecraft:rotten_flesh":3,"minecraft:apple":1,"minecraft:beef":10,"minecraft:iron_ingot":2,"minecraft:stone_pickaxe":1,"minecraft:cooked_chicken":1,"minecraft:oak_sapling":1,"minecraft:mutton":2,"minecraft:coal":8,"minecraft:white_wool":1,"minecraft:cobblestone":164},"minecraft:crafted":{"minecraft:cooked_beef":10,"minecraft:oak_planks":16,"minecraft:iron_chestplate":1,"minecraft:iron_boots":1,"minecraft:iron_axe":1,"minecraft:stick":12,"minecraft:iron_ingot":64,"minecraft:iron_helmet":1,"minecraft:iron_pickaxe":1,"minecraft:stone_pickaxe":1,"minecraft:stone_sword":1,"minecraft:chest":1,"minecraft:iron_leggings":1,"minecraft:birch_planks":20,"minecraft:torch":8,"minecraft:stone_axe":1,"minecraft:air":0},"minecraft:mined":{"minecraft:birch_log":5,"minecraft:spruce_log":6,"minecraft:birch_leaves":2,"minecraft:coal_ore":8,"minecraft:grass_block":6,"minecraft:oak_log":47,"minecraft:gravel":2,"minecraft:dirt":14,"minecraft:stone":164,"minecraft:oak_leaves":3},"minecraft:killed":{"minecraft:sheep":1,"minecraft:zombie":2,"minecraft:pig":4,"minecraft:chicken":1,"minecraft:spider":1,"minecraft:cow":4},"minecraft:custom":{"minecraft:interact_with_furnace":6,"minecraft:sprint_one_cm":3729,"minecraft:damage_taken":364,"minecraft:walk_one_cm":217085,"minecraft:mob_kills":13,"minecraft:drop":2,"minecraft:damage_dealt":1530,"minecraft:interact_with_crafting_table":10,"minecraft:fly_one_cm":905,"minecraft:player_kills":1,"minecraft:open_chest":8,"minecraft:play_time":59162,"minecraft:walk_under_water_one_cm":1888,"minecraft:jump":352,"minecraft:leave_game":2,"minecraft:time_since_death":59162,"minecraft:walk_on_water_one_cm":8643,"minecraft:total_world_time":59162,"minecraft:fall_one_cm":1978,"minecraft:time_since_rest":59162},"minecraft:dropped":{"minecraft:iron_ingot":2,"minecraft:porkchop":5}},"DataVersion":3465}