{"stats":{"minecraft:broken":{"minecraft:stone_axe":1,"minecraft:iron_pickaxe":1},"minecraft:used":{"minecraft:stone_pickaxe":43,"minecraft:chest":1,"minecraft:wooden_pickaxe":3,"minecraft:iron_sword":23,"minecraft:rotten_flesh":4,"minecraft:torch":31,"minecraft:dirt":10,"minecraft:crafting_table":3,"minecraft:cobblestone_wall":1,"minecraft:spider_eye":1,"minecraft:smoker":1,"minecraft:black_bed":2,"minecraft:spruce_fence":3,"minecraft:apple":2,"minecraft:bread":4,"minecraft:lantern":1,"minecraft:iron_pickaxe":355,"minecraft:stone_axe":182,"minecraft:cobblestone":9,"minecraft:oak_sapling":2,"minecraft:cooked_porkchop":1,"minecraft:furnace":2,"alexsmobs:animal_dictionary":1,"minecraft:cooked_beef":1,"minecraft:candle":4},"minecraft:picked_up":{"minecraft:stripped_oak_log":2,"minecraft:crafting_table":2,"minecraft:ladder":2,"minecraft:andesite":2,"minecraft:black_bed":2,"minecraft:smoker":1,"minecraft:tuff":1,"create:raw_zinc":18,"minecraft:oak_log":56,"minecraft:gunpowder":3,"minecraft:cobblestone_wall":1,"minecraft:dirt":41,"minecraft:string":3,"minecraft:lantern":1,"epicsamurai:jade":2,"minecraft:bone":2,"minecraft:wheat_seeds":2,"minecraft:candle":4,"minecraft:cobbled_deepslate":87,"minecraft:raw_gold":31,"minecraft:iron_ingot":2,"epicsamurai:aquamarine":9,"minecraft:sugar_cane":3,"epicsamurai:raw_silver":8,"minecraft:oak_planks":12,"minecraft:furnace":1,"epicsamurai:onyx":1,"minecraft:raw_iron":90,"minecraft:cooked_porkchop":13,"minecraft:torch":3,"minecraft:spruce_fence":3,"minecraft:porkchop":19,"minecraft:spruce_sapling":3,"minecraft:spruce_log":38,"minecraft:spider_eye":3,"minecraft:arrow":2,"minecraft:rotten_flesh":5,"evilcraft:dark_gem":64,"alexscaves:spelunkery_table":1,"alexsmobs:maggot":1,"minecraft:oak_sapling":2,"epicsamurai:ruby":1,"minecraft:coal":152,"minecraft:cobblestone":76},"minecraft:crafted":{"minecraft:cooked_beef":1,"minecraft:oak_planks":44,"minecraft:cooked_porkchop":1,"minecraft:crafting_table":3,"minecraft:iron_helmet":1,"minecraft:wooden_pickaxe":1,"minecraft:cooked_chicken":1,"minecraft:iron_sword":1,"minecraft:furnace":2,"minecraft:stone_axe":2,"minecraft:bread":1,"minecraft:air":0,"minecraft:iron_boots":1,"minecraft:iron_chestplate":1,"minecraft:stick":60,"minecraft:iron_ingot":15,"minecraft:iron_pickaxe":3,"minecraft:stone_pickaxe":1,"minecraft:chest":1,"minecraft:iron_leggings":1,"minecraft:torch":84,"minecraft:smoker":1},"minecraft:killed":{"minecraft:pig":7,"minecraft:spider":4,"minecraft:creeper":2,"minecraft:skeleton":2,"minecraft:zombie":7},"minecraft:mined":{"alexscaves:spelunkery_table":1,"create:deepslate_zinc_ore":18,"minecraft:candle":2,"minecraft:smoker":1,"minecraft:powder_snow":13,"epicsamurai:deepslate_aquamarine_ore":6,"minecraft:crafting_table":2,"minecraft:torch":1,"gravestone:gravestone":2,"minecraft:spruce_fence":3,"minecraft:grass_block":6,"minecraft:spruce_leaves":36,"minecraft:deepslate_gold_ore":29,"minecraft:sugar_cane":1,"minecraft:wall_torch":1,"alexis_food:salt_block":4,"epicsamurai:onyx_ore":1,"epicsamurai:deepslate_jade_ore":2,"minecraft:furnace":1,"minecraft:cobblestone_wall":1,"evilcraft:dark_ore_deepslate":5,"minecraft:iron_ore":50,"minecraft:fire":6,"epicsamurai:aquamarine_ore":3,"minecraft:spruce_log":38,"minecraft:andesite":2,"evilcraft:dark_ore":9,"minecraft:bee_nest":1,"minecraft:grass":6,"minecraft:oak_log":54,"minecraft:coal_ore":123,"minecraft:deepslate_iron_ore":40,"minecraft:lantern":1,"epicsamurai:deepslate_silver_ore":8,"minecraft:dirt":37,"minecraft:stripped_oak_log":1,"minecraft:stone":73,"minecraft:oak_leaves":11,"minecraft:deepslate":22,"epicsamurai:ruby_ore":1},"minecraft:killed_by":{"minecraft:player":1,"minecraft:zombie":1},"minecraft:custom":{"minecraft:interact_with_furnace":15,"minecraft:mob_kills":23,"minecraft:interact_with_crafting_table":20,"minecraft:open_barrel":1,"minecraft:interact_with_loom":1,"minecraft:leave_game":3,"minecraft:time_since_death":13043,"minecraft:time_since_rest":13114,"minecraft:sprint_one_cm":113976,"minecraft:damage_taken":773,"minecraft:walk_one_cm":190296,"minecraft:drop":7,"minecraft:damage_dealt":3923,"minecraft:swim_one_cm":14774,"minecraft:fly_one_cm":130097,"minecraft:open_chest":30,"minecraft:crouch_one_cm":4107,"minecraft:play_time":82112,"minecraft:deaths":2,"minecraft:sneak_time":1564,"minecraft:walk_under_water_one_cm":5329,"minecraft:jump":861,"minecraft:interact_with_blast_furnace":1,"minecraft:walk_on_water_one_cm":15950,"minecraft:interact_with_smoker":5,"minecraft:total_world_time":82112,"minecraft:fall_one_cm":17048},"minecraft:dropped":{"minecraft:wheat_seeds":1,"minecraft:cooked_chicken":1,"minecraft:crafting_table":1,"gravestone:obituary":1,"minecraft:arrow":2,"minecraft:stone_pickaxe":1}},"DataVersion":3465}